{
  "eye": {
    "orientation": [
      -0.022196456789970398,
      -0.9262468814849854,
      0.1209062710404396,
      0.35630854964256287
    ],
    "magnitude": 0.5773502588272095,
    "position": [
      -0.3023393750190735,
      0.03753506392240524,
      0.2130635678768158
    ]
  },
  "radius": 100,
  "type": "PERSPECTIVE"
}