{
  "eye": {
    "orientation": [
      0.40618935227394104,
      -0.7343770861625671,
      0.44897422194480896,
      0.3067944645881653
    ],
    "magnitude": 0.5773502588272095,
    "position": [
      -17.149700164794922,
      -181.69850158691406,
      -81.80054473876953
    ]
  },
  "radius": 100,
  "type": "PERSPECTIVE"
}